script, Key, KeyS, IV, imW, imH, imD, timeKey, tc_Dec2Bin, tc_ReshArray, tc_XOR, tc_ReshapeMatrix1, tcBin2Dec, tc_ReshapeMatrix2, tc_totalTime, tc_diff_Dec2Bin, tc_diff_ReshArray, tc_diff_XOR, tc_diff_ReshapeMatrix1, tc_diff_Bin2Dec, tc_diff_ReshapeMatrix2, tc_diff_totalTime, tc_sens_Dec2Bin, tc_sens_ReshArray, tc_sens_XOR, tc_sens_ReshapeMatrix1, tc_sens_Bin2Dec, tc_sens_ReshapeMatrix2, tc_sens_totalTime, td_Dec2Bin, td_ReshArray, td_XOR, td_ReshapeMatrix1, tdBin2Dec, td_ReshapeMatrix2, td_totalTime, td_diff_Dec2Bin, td_diff_ReshArray, td_diff_XOR, td_diff_ReshapeMatrix1, td_diff_Bin2Dec, td_diff_ReshapeMatrix2, td_diff_totalTime, totalTime, redIntensityPlain, greenIntensityPlain, blueIntensityPlain, redIntensityCipher, greenIntensityCipher, blueIntensityCipher, redIntensityDecipher, greenIntensityDecipher, blueIntensityDecipher, entropyRGBPlain,    entropyRGBCipher,     entropyRGBDecipher, entropyRedPlain,    entropyGreenPlain,    entropyBluePlain, entropyRedCipher,   entropyGreenCipher,   entropyBlueCipher, entropyRedDecipher, entropyGreenDecipher, entropyBlueDecipher, diff_RGB_NPCRscore,   diff_RGB_NPCRpval,   diff_RGB_UACIscore,   diff_RGB_UACIpval, diff_Red_NPCRscore,   diff_Red_NPCRpval,   diff_Red_UACIscore,   diff_Red_UACIpval, diff_Green_NPCRscore, diff_Green_NPCRpval, diff_Green_UACIscore, diff_Green_UACIpval, diff_Blue_NPCRscore,  diff_Blue_NPCRpval,  diff_Blue_UACIscore,  diff_Blue_UACIpval, corr_rgbPlain_H, corr_rgbPlain_V, corr_rgbPlain_D, corr_rgbCipher_H, corr_rgbCipher_V, corr_rgbCipher_D, corr_rgbDecipher_H, corr_rgbDecipher_V, corr_rgbDecipher_D, corr_redPlain_H, corr_redPlain_V, corr_redPlain_D, corr_greenPlain_H, corr_greenPlain_V, corr_greenPlain_D, corr_bluePlain_H, corr_bluePlain_V, corr_bluePlain_D, corr_redCipher_H, corr_redCipher_V, corr_redCipher_D, corr_greenCipher_H, corr_greenCipher_V, corr_greenCipher_D, corr_blueCipher_H, corr_blueCipher_V, corr_blueCipher_D, corr_redDecipher_H, corr_redDecipher_V, corr_redDecipher_D, corr_greenDecipher_H, corr_greenDecipher_V, corr_greenDecipher_D, corr_blueDecipher_H, corr_blueDecipher_V, corr_blueDecipher_D, corr_redKeySensCipher, corr_greenKeySensCipher, corr_blueKeySensCipher, corr_redKeySensDecipher, corr_greenKeySensDecipher, corr_blueKeySensDecipher  
[27-02-17 01.27.30.736],C01E624602846E39868B,C01E624602946E39868B,21E8DDD129B0766F1D7A,512,512,3,1.828127,0.230361,0.081490,0.009905,0.000191,0.032105,0.002920,0.357854,0.244305,0.080369,0.008408,0.000013,0.033877,0.002556,0.369597,0.236621,0.076255,0.009599,0.000012,0.032814,0.002576,0.357948,0.253306,0.081301,0.008288,0.000013,0.032031,0.002756,0.377770,0.265533,0.078669,0.008454,0.000014,0.033285,0.002730,0.388749,3.733293,155.435745,168.225960,142.209373,127.466663,127.265118,127.327618,155.435745,168.225960,142.209373,7.485787,7.999753,7.485787,7.415627,7.229479,7.435384,7.999314,7.999279,7.999203,7.415627,7.229479,7.435384,0.996029,0.178276,0.334781,0.585087,0.995983,0.181932,0.335193,0.227960,0.996101,0.524966,0.334438,0.669776,0.996002,0.226185,0.334712,0.867786,0.956568,0.963402,0.920748,-0.015673,-0.003940,0.004601,0.956568,0.963402,0.920748,0.955726,0.941976,0.972002,0.962095,0.952699,0.975413,0.926735,0.889685,0.945824,-0.014519,-0.017291,-0.015208,0.012932,-0.005373,-0.019378,0.002384,0.010741,0.000677,0.955726,0.941976,0.972002,0.962095,0.952699,0.975413,0.926735,0.889685,0.945824,-0.000983,0.000996,0.002233,0.001266,0.001266,0.003174 
[27-02-17 01.30.51.154],5BB10DC12798EAD4D6C6,5BB10DC1279AEAD4D6C6,0775D29293C4EDADD1C1,512,512,3,1.904786,0.280611,0.084938,0.012802,0.000017,0.036955,0.002831,0.418232,0.280431,0.085440,0.010541,0.000013,0.035456,0.002483,0.414441,0.278400,0.079711,0.009621,0.000012,0.033311,0.002277,0.403405,0.261501,0.081854,0.007652,0.000011,0.033559,0.002258,0.386894,0.265463,0.080868,0.010381,0.000015,0.032806,0.002497,0.392091,3.971666,155.435745,168.225960,142.209373,127.753040,127.221504,127.571743,155.435745,168.225960,142.209373,7.485787,7.999763,7.485787,7.415627,7.229479,7.435384,7.999212,7.999257,7.999275,7.415627,7.229479,7.435384,0.995923,0.007709,0.334359,0.300985,0.996147,0.669436,0.333657,0.034304,0.995811,0.010251,0.334748,0.808213,0.995811,0.010251,0.334673,0.934449,0.959174,0.952993,0.920154,-0.006195,0.013344,0.002793,0.959174,0.952993,0.920154,0.956317,0.946417,0.974789,0.960407,0.934387,0.964184,0.918442,0.893028,0.948993,0.004355,-0.022598,-0.000343,0.019530,0.002213,0.018289,0.001488,0.001671,0.005219,0.956317,0.946417,0.974789,0.960407,0.934387,0.964184,0.918442,0.893028,0.948993,-0.004173,-0.001079,0.003254,-0.000720,-0.000720,-0.001340 
[27-02-17 01.34.07.254],3BE0FB0EA17E14A739C6,3BE0FB0EA17E14A539C6,84FA181615300461A481,512,512,3,1.921644,0.274124,0.082647,0.013329,0.000015,0.037185,0.002779,0.410154,0.278969,0.083251,0.009882,0.000012,0.034262,0.002839,0.409294,0.266809,0.079091,0.008371,0.000013,0.033123,0.002266,0.389742,0.263942,0.078729,0.008757,0.000013,0.031464,0.002484,0.385462,0.255622,0.078747,0.009205,0.000017,0.035552,0.002236,0.381445,3.953429,155.435745,168.225960,142.209373,127.541779,127.359901,127.508808,155.435745,168.225960,142.209373,7.485787,7.999759,7.485787,7.415627,7.229479,7.435384,7.999370,7.999337,7.999391,7.415627,7.229479,7.435384,0.996078,0.414131,0.334634,0.995437,0.996002,0.226185,0.334285,0.448428,0.996147,0.669436,0.334484,0.742625,0.996086,0.475034,0.335133,0.281698,0.959552,0.961629,0.918778,0.008706,-0.008426,0.010992,0.959552,0.961629,0.918778,0.959449,0.944152,0.975054,0.960336,0.951432,0.973119,0.922410,0.887624,0.946299,0.004361,-0.006250,0.028007,-0.004531,-0.008780,-0.011967,0.015218,0.005791,0.011969,0.959449,0.944152,0.975054,0.960336,0.951432,0.973119,0.922410,0.887624,0.946299,0.003412,0.000782,-0.000942,0.000581,0.000581,-0.000176 
[27-02-17 01.37.23.075],2E9F643CEE9F1DC817F8,2E9F643CEE9F1D8817F8,EAFFA0A2F4E52E03D261,512,512,3,1.861284,0.287745,0.085954,0.010492,0.000014,0.035013,0.002904,0.422190,0.284982,0.084892,0.012184,0.000013,0.036150,0.002631,0.420927,0.278866,0.075158,0.008266,0.000015,0.033522,0.003074,0.398977,0.257155,0.081750,0.007768,0.000012,0.033057,0.002588,0.382391,0.250722,0.079767,0.009326,0.000013,0.032126,0.002267,0.374279,3.910630,155.435745,168.225960,142.209373,127.745052,127.636776,127.777431,155.435745,168.225960,142.209373,7.485787,7.999800,7.485787,7.415627,7.229479,7.435384,7.999343,7.999395,7.999324,7.415627,7.229479,7.435384,0.996195,0.925940,0.334919,0.288049,0.996399,0.993876,0.335364,0.114961,0.996189,0.783122,0.334666,0.946682,0.995998,0.216878,0.334726,0.843832,0.952708,0.955161,0.921877,-0.002025,0.002746,-0.011773,0.952708,0.955161,0.921877,0.949626,0.935292,0.973207,0.955323,0.941747,0.968413,0.923461,0.894307,0.947864,-0.007947,-0.005775,0.007646,-0.000302,-0.001580,0.010121,-0.010966,-0.008212,-0.016141,0.949626,0.935292,0.973207,0.955323,0.941747,0.968413,0.923461,0.894307,0.947864,-0.000208,0.003655,0.000376,-0.000619,-0.000619,0.001398 
[27-02-17 01.40.40.253],9D34BE98BE3AE6CD0B0B,9D34BE98BE3AE6CF0B0B,292065959F14C266E112,512,512,3,1.903070,0.282327,0.084725,0.012607,0.000017,0.037369,0.002845,0.419974,0.275436,0.086483,0.012042,0.000012,0.035755,0.002509,0.412320,0.273806,0.080097,0.007884,0.000012,0.033154,0.002491,0.397498,0.250335,0.079159,0.008768,0.000018,0.032676,0.002819,0.373846,0.253850,0.080538,0.009614,0.000017,0.031423,0.002623,0.378149,3.936813,155.435745,168.225960,142.209373,127.638264,127.560669,127.757008,155.435745,168.225960,142.209373,7.485787,7.999769,7.485787,7.415627,7.229479,7.435384,7.999266,7.999343,7.999234,7.415627,7.229479,7.435384,0.995968,0.036753,0.335115,0.072556,0.996063,0.401104,0.335332,0.131799,0.996037,0.319296,0.334846,0.648803,0.995804,0.008664,0.335166,0.251123,0.948225,0.951547,0.922897,-0.007030,0.016367,0.008605,0.948225,0.951547,0.922897,0.950243,0.925613,0.968821,0.950687,0.936826,0.967129,0.921484,0.900169,0.947038,0.003340,-0.043080,0.018650,0.011147,0.017907,0.020048,0.018184,-0.001315,0.008945,0.950243,0.925613,0.968821,0.950687,0.936826,0.967129,0.921484,0.900169,0.947038,0.000895,-0.001634,0.000035,0.001505,0.001505,0.001600 
[27-02-17 01.43.57.060],8B5EE728C7DE966DF875,8B5EE728C7D6966DF875,EBA66ED9C824329799C3,512,512,3,1.898750,0.281657,0.089026,0.012997,0.000017,0.036795,0.002500,0.423069,0.282697,0.085305,0.012167,0.000016,0.038068,0.002528,0.420858,0.273029,0.079846,0.011893,0.000018,0.032396,0.002017,0.399281,0.254060,0.080154,0.009572,0.000012,0.031517,0.002367,0.377754,0.252730,0.079048,0.008455,0.000010,0.032579,0.002385,0.375270,3.946436,155.435745,168.225960,142.209373,127.590805,127.537407,127.582172,155.435745,168.225960,142.209373,7.485787,7.999765,7.485787,7.415627,7.229479,7.435384,7.999204,7.999402,7.999317,7.415627,7.229479,7.435384,0.996059,0.312742,0.335407,0.003814,0.995872,0.034681,0.334975,0.462403,0.996250,0.900387,0.335505,0.060020,0.996056,0.377098,0.335743,0.016598,0.956797,0.960111,0.915287,0.018819,-0.003332,0.001073,0.956797,0.960111,0.915287,0.957362,0.940761,0.972267,0.957105,0.949724,0.973504,0.915934,0.885486,0.944441,0.032526,0.033439,-0.009509,-0.002108,-0.003986,-0.003903,-0.008320,-0.014655,0.026195,0.957362,0.940761,0.972267,0.957105,0.949724,0.973504,0.915934,0.885486,0.944441,-0.000884,-0.002182,-0.000908,-0.000078,-0.000078,0.001684 
[27-02-17 01.47.14.321],4BE52A366CB9FA81D0DB,4BE52A166CB9FA81D0DB,A26BAADD094578B04DDB,512,512,3,1.876471,0.286186,0.088099,0.011185,0.000014,0.038182,0.002873,0.426620,0.288971,0.086451,0.013276,0.000017,0.034376,0.002846,0.426013,0.267609,0.081078,0.010972,0.000039,0.031733,0.002587,0.394097,0.254961,0.079123,0.008777,0.000013,0.031126,0.002155,0.376219,0.246658,0.077892,0.011299,0.000014,0.033600,0.002446,0.371971,3.925101,155.435745,168.225960,142.209373,127.520878,127.376297,127.581055,155.435745,168.225960,142.209373,7.485787,7.999772,7.485787,7.415627,7.229479,7.435384,7.999228,7.999286,7.999243,7.415627,7.229479,7.435384,0.996109,0.585869,0.334195,0.098527,0.996197,0.801057,0.334378,0.577065,0.996059,0.389048,0.333839,0.084793,0.996071,0.425490,0.334367,0.561776,0.952817,0.955998,0.927096,-0.008349,0.007600,0.003307,0.952817,0.955998,0.927096,0.950556,0.937110,0.970785,0.953746,0.943845,0.970403,0.924331,0.904923,0.952032,0.006784,-0.022084,-0.009747,-0.006825,0.012132,0.017491,-0.010157,0.017565,0.002512,0.950556,0.937110,0.970785,0.953746,0.943845,0.970403,0.924331,0.904923,0.952032,-0.001734,0.000625,0.000888,-0.002731,-0.002731,-0.000413 
[27-02-17 01.50.32.683],2BD043C29CC5AF54C748,2BD043C39CC5AF54C748,33C2C8C41E3F96B3A215,512,512,3,1.869128,0.280490,0.085404,0.009634,0.000017,0.037892,0.002859,0.416377,0.279500,0.083378,0.010692,0.000013,0.038781,0.002855,0.415294,0.279101,0.079340,0.010038,0.000015,0.035549,0.002245,0.406361,0.257465,0.079737,0.007651,0.000012,0.034587,0.002354,0.381864,0.253685,0.079486,0.007236,0.000011,0.032492,0.002573,0.375546,3.919861,155.435745,168.225960,142.209373,127.362839,127.515930,127.800396,155.435745,168.225960,142.209373,7.485787,7.999774,7.485787,7.415627,7.229479,7.435384,7.999240,7.999360,7.999334,7.415627,7.229479,7.435384,0.996110,0.592899,0.334560,0.777541,0.996075,0.437797,0.334565,0.879568,0.996090,0.487511,0.334952,0.493212,0.996166,0.724049,0.334163,0.306289,0.953591,0.953082,0.914663,0.002857,0.005052,0.000053,0.953591,0.953082,0.914663,0.951409,0.937319,0.972045,0.951672,0.941173,0.966399,0.920867,0.881882,0.941240,0.003992,0.005253,-0.000675,-0.008434,0.003329,0.020259,0.003451,0.007441,-0.010734,0.951409,0.937319,0.972045,0.951672,0.941173,0.966399,0.920867,0.881882,0.941240,-0.001225,-0.002175,-0.001006,0.001476,0.001476,-0.000738 
[27-02-17 01.53.51.116],793D21B42F104FA7694D,793D21B40F104FA7694D,72672B7B153A1FA1C001,512,512,3,1.896079,0.275373,0.085905,0.010512,0.000014,0.035130,0.003026,0.410039,0.275371,0.086886,0.011635,0.000018,0.035177,0.002176,0.411344,0.273311,0.081148,0.011642,0.000013,0.032820,0.002283,0.401291,0.253877,0.081646,0.008490,0.000011,0.033645,0.002721,0.380464,0.258372,0.079132,0.007671,0.000012,0.032983,0.002619,0.380846,3.930914,155.435745,168.225960,142.209373,127.379421,127.631924,127.607422,155.435745,168.225960,142.209373,7.485787,7.999809,7.485787,7.415627,7.229479,7.435384,7.999472,7.999277,7.999437,7.415627,7.229479,7.435384,0.996119,0.641156,0.335136,0.060895,0.996105,0.537419,0.334946,0.501396,0.996071,0.425490,0.334974,0.463883,0.996181,0.764286,0.335487,0.065542,0.949473,0.957969,0.920193,-0.010389,-0.002223,-0.006203,0.949473,0.957969,0.920193,0.946351,0.933239,0.968830,0.962405,0.942722,0.968781,0.918757,0.892628,0.949195,-0.026536,-0.000238,-0.004394,0.012659,-0.014637,-0.004691,0.003400,0.008903,-0.030913,0.946351,0.933239,0.968830,0.962405,0.942722,0.968781,0.918757,0.892628,0.949195,-0.000954,0.001091,-0.002943,-0.001618,-0.001618,-0.001832 
[27-02-17 01.57.17.535],0983881000ED634215FF,098B881000ED634215FF,EE0B26CEB3E7CC5A6DA1,512,512,3,1.843449,0.285019,0.082902,0.009803,0.000018,0.034875,0.002811,0.415507,0.274345,0.085915,0.012833,0.000016,0.038231,0.002881,0.414295,0.284224,0.093478,0.013359,0.000018,0.038820,0.002581,0.432555,0.268418,0.076708,0.010766,0.000012,0.033518,0.002714,0.392215,0.265210,0.084284,0.010124,0.000016,0.034205,0.002808,0.396721,3.948485,155.435745,168.225960,142.209373,127.575771,127.193607,127.344269,155.435745,168.225960,142.209373,7.485787,7.999727,7.485787,7.415627,7.229479,7.435384,7.999256,7.999159,7.999278,7.415627,7.229479,7.435384,0.996085,0.449651,0.334200,0.103038,0.996159,0.702738,0.334590,0.920998,0.996181,0.764286,0.334049,0.204785,0.995914,0.070561,0.333962,0.145240,0.962071,0.955250,0.908417,-0.013418,0.007129,0.009680,0.962071,0.955250,0.908417,0.959889,0.949566,0.976759,0.957061,0.941024,0.967665,0.919564,0.872456,0.933232,-0.021902,-0.017857,-0.000494,0.021028,-0.022124,0.022483,0.035367,0.003823,-0.010149,0.959889,0.949566,0.976759,0.957061,0.941024,0.967665,0.919564,0.872456,0.933232,-0.001383,-0.002499,-0.003067,0.000482,0.000482,-0.000595 
[27-02-17 02.00.33.808],FF834E94C9D2B7A78569,FF834E94C9D2B7A78769,0C6B1AA48E2F0A5865D0,512,512,3,1.913288,0.290576,0.088222,0.013641,0.000016,0.035816,0.002887,0.431244,0.283407,0.085130,0.013653,0.000017,0.036552,0.002907,0.421750,0.269203,0.081626,0.010483,0.000013,0.032112,0.002615,0.396122,0.260933,0.082848,0.007983,0.000012,0.034593,0.002802,0.389228,0.262294,0.080953,0.011153,0.000012,0.032457,0.002305,0.389243,3.995709,155.435745,168.225960,142.209373,127.560764,127.545444,127.611496,155.435745,168.225960,142.209373,7.485787,7.999738,7.485787,7.415627,7.229479,7.435384,7.999217,7.999281,7.999345,7.415627,7.229479,7.435384,0.996161,0.830996,0.334509,0.634726,0.995892,0.048508,0.334124,0.268166,0.996212,0.834138,0.334222,0.370879,0.996380,0.990571,0.335180,0.238298,0.954548,0.956506,0.913090,0.007747,0.001105,-0.011463,0.954548,0.956506,0.913090,0.952236,0.937495,0.973914,0.951548,0.945893,0.972078,0.922762,0.877373,0.939134,0.003335,0.025859,-0.005952,0.009598,-0.010149,0.003866,0.003440,-0.016368,-0.021461,0.952236,0.937495,0.973914,0.951548,0.945893,0.972078,0.922762,0.877373,0.939134,-0.001555,-0.006476,0.001852,-0.000593,-0.000593,-0.000608 
[27-02-17 02.03.51.730],38A7118D4AEC77FED4B5,38A7158D4AEC77FED4B5,B594C1A86789C95DA35D,512,512,3,1.872568,0.279405,0.085485,0.011387,0.000013,0.036543,0.002612,0.415519,0.278207,0.084016,0.013356,0.000019,0.038244,0.002979,0.416890,0.266765,0.078491,0.008504,0.000013,0.031414,0.002264,0.387519,0.258245,0.079330,0.008365,0.000013,0.033530,0.002949,0.382505,0.252268,0.085260,0.010763,0.000013,0.033473,0.002963,0.384819,3.914546,155.435745,168.225960,142.209373,127.578598,127.580593,127.274940,155.435745,168.225960,142.209373,7.485787,7.999747,7.485787,7.415627,7.229479,7.435384,7.999343,7.999310,7.999270,7.415627,7.229479,7.435384,0.996003,0.099658,0.334237,0.135584,0.995792,0.006688,0.334207,0.353438,0.996059,0.389048,0.334332,0.510983,0.996159,0.702738,0.334173,0.317439,0.954912,0.958047,0.911865,0.008304,0.000514,0.013593,0.954912,0.958047,0.911865,0.952484,0.941406,0.970845,0.960566,0.944559,0.969016,0.924618,0.874809,0.936168,0.015933,-0.008411,0.017389,-0.007987,0.017593,-0.008063,0.003849,0.020965,0.015966,0.952484,0.941406,0.970845,0.960566,0.944559,0.969016,0.924618,0.874809,0.936168,-0.001252,-0.000386,-0.001801,-0.002562,-0.002562,-0.000607 
[27-02-17 02.07.09.856],6C26C7CD54255BA75C01,6C26C7CD74255BA75C01,E58F9339177D84525939,512,512,3,1.881464,0.281767,0.085457,0.010531,0.000017,0.038615,0.002636,0.419103,0.280588,0.089118,0.009016,0.000012,0.036490,0.002895,0.418194,0.263802,0.078661,0.008557,0.000012,0.033388,0.002452,0.386939,0.249621,0.080221,0.008781,0.000017,0.033366,0.002796,0.374875,0.247459,0.083673,0.010883,0.000018,0.033060,0.002925,0.378089,3.909264,155.435745,168.225960,142.209373,127.490398,127.342808,127.431511,155.435745,168.225960,142.209373,7.485787,7.999762,7.485787,7.415627,7.229479,7.435384,7.999238,7.999290,7.999360,7.415627,7.229479,7.435384,0.996070,0.365621,0.334690,0.838297,0.996239,0.882943,0.335179,0.239784,0.996086,0.475034,0.334504,0.776632,0.995884,0.042524,0.334387,0.590333,0.951315,0.953473,0.919796,0.006533,-0.009649,0.014044,0.951315,0.953473,0.919796,0.949162,0.933413,0.971372,0.960531,0.935841,0.964049,0.921860,0.891965,0.945565,0.002195,0.012119,0.005286,-0.017487,-0.006278,-0.005182,-0.001609,0.004966,0.038775,0.949162,0.933413,0.971372,0.960531,0.935841,0.964049,0.921860,0.891965,0.945565,0.002791,0.000551,-0.000413,0.000295,0.000295,-0.001777 
[27-02-17 02.10.29.102],35EF2953FE96A8C201F3,35EF2153FE96A8C201F3,FA60092455AABEDD06E2,512,512,3,1.912517,0.281482,0.086532,0.010110,0.000017,0.038243,0.002556,0.419014,0.276487,0.088914,0.012248,0.000012,0.036207,0.002877,0.416814,0.274738,0.077182,0.009262,0.000013,0.032572,0.002779,0.396617,0.253793,0.082221,0.007697,0.000013,0.033925,0.002616,0.380334,0.254935,0.078900,0.009898,0.000015,0.034179,0.002614,0.380609,3.957004,155.435745,168.225960,142.209373,127.569675,127.607082,127.682137,155.435745,168.225960,142.209373,7.485787,7.999768,7.485787,7.415627,7.229479,7.435384,7.999313,7.999303,7.999264,7.415627,7.229479,7.435384,0.996140,0.742409,0.334736,0.705513,0.996029,0.297262,0.334217,0.365676,0.996258,0.910910,0.334729,0.839831,0.996132,0.622902,0.335263,0.174775,0.952478,0.956858,0.914878,0.001425,-0.018046,0.016772,0.952478,0.956858,0.914878,0.952477,0.934304,0.970652,0.955013,0.946122,0.969438,0.918049,0.885165,0.941420,-0.000635,0.012708,-0.007797,-0.027641,-0.027230,0.000733,0.012786,0.027484,0.010046,0.952477,0.934304,0.970652,0.955013,0.946122,0.969438,0.918049,0.885165,0.941420,-0.000537,0.005340,0.001504,-0.001404,-0.001404,0.000603 
[27-02-17 02.13.46.034],C28AD5246973C3555A0A,C28ED5246973C3555A0A,71E7A72248BAF3F023CD,512,512,3,1.927535,0.279830,0.086000,0.010807,0.000013,0.035337,0.002894,0.414955,0.268538,0.083679,0.012620,0.000017,0.036820,0.002514,0.404266,0.273719,0.078974,0.008010,0.000013,0.033922,0.002920,0.397625,0.257051,0.077865,0.007722,0.000012,0.032373,0.002348,0.377434,0.254403,0.078434,0.007919,0.000012,0.032638,0.002199,0.375673,3.951225,155.435745,168.225960,142.209373,127.317932,127.614288,127.435272,155.435745,168.225960,142.209373,7.485787,7.999762,7.485787,7.415627,7.229479,7.435384,7.999362,7.999413,7.999224,7.415627,7.229479,7.435384,0.996136,0.724599,0.334815,0.500572,0.996109,0.549835,0.335075,0.341036,0.996223,0.856467,0.335111,0.303877,0.996075,0.437797,0.334259,0.415884,0.951799,0.950189,0.921595,-0.003598,0.008861,0.004421,0.951799,0.950189,0.921595,0.951560,0.932068,0.971767,0.955406,0.932437,0.962723,0.921980,0.894375,0.948429,0.001073,0.001844,-0.013711,0.009441,0.019421,-0.002279,0.003924,0.001155,0.008185,0.951560,0.932068,0.971767,0.955406,0.932437,0.962723,0.921980,0.894375,0.948429,-0.001960,-0.004168,-0.000754,-0.000656,-0.000656,-0.003285 
[27-02-17 02.17.02.961],467C19AD051ADFFF2E79,467C18AD051ADFFF2E79,8626563B1ED4A6B84BA4,512,512,3,1.868413,0.285731,0.086710,0.010750,0.000018,0.038257,0.002581,0.424126,0.279094,0.084808,0.009820,0.000013,0.037823,0.003057,0.414688,0.265362,0.077004,0.011230,0.000012,0.034348,0.002949,0.390984,0.266191,0.080999,0.009662,0.000018,0.031115,0.002145,0.390208,0.255116,0.077902,0.012260,0.000027,0.035768,0.002243,0.383384,3.923838,155.435745,168.225960,142.209373,127.606781,127.491474,127.512299,155.435745,168.225960,142.209373,7.485787,7.999763,7.485787,7.415627,7.229479,7.435384,7.999284,7.999105,7.999395,7.415627,7.229479,7.435384,0.996090,0.478375,0.334736,0.705249,0.996124,0.598896,0.334734,0.831187,0.996056,0.377098,0.335371,0.111294,0.996090,0.487511,0.334104,0.249962,0.953230,0.960024,0.924119,-0.000237,-0.002616,0.002602,0.953230,0.960024,0.924119,0.951351,0.936030,0.972309,0.963383,0.946871,0.969819,0.929064,0.897899,0.945395,-0.023770,0.014358,0.008702,-0.008290,-0.005076,0.005518,-0.009763,0.006123,0.011447,0.951351,0.936030,0.972309,0.963383,0.946871,0.969819,0.929064,0.897899,0.945395,0.002613,0.003586,-0.001568,0.002305,0.002305,-0.000989 
[27-02-17 02.20.22.231],41F9C56AEE332C7207B8,41F9C56AEE332C7307B8,FC952AC6FF47DF03EC23,512,512,3,1.924492,0.290367,0.084625,0.012707,0.000021,0.037309,0.002270,0.427372,0.278463,0.083554,0.011847,0.000013,0.037363,0.003039,0.414361,0.280016,0.080378,0.012068,0.000014,0.032087,0.002426,0.407051,0.259672,0.081208,0.011225,0.000013,0.033369,0.002849,0.388403,0.263466,0.081043,0.007667,0.000012,0.033009,0.002795,0.388057,4.004157,155.435745,168.225960,142.209373,127.461060,127.690182,127.676105,155.435745,168.225960,142.209373,7.485787,7.999767,7.485787,7.415627,7.229479,7.435384,7.999349,7.999335,7.999258,7.415627,7.229479,7.435384,0.996094,0.500000,0.334463,0.517549,0.995972,0.158182,0.334158,0.302039,0.996010,0.245460,0.333994,0.165099,0.996300,0.954563,0.335236,0.193828,0.958062,0.956709,0.913119,0.006678,0.005896,0.003250,0.958062,0.956709,0.913119,0.958579,0.940984,0.974623,0.954696,0.945791,0.969639,0.914429,0.882871,0.942059,0.008028,-0.008044,0.020049,-0.005556,0.018783,0.004461,-0.005890,-0.008726,0.024365,0.958579,0.940984,0.974623,0.954696,0.945791,0.969639,0.914429,0.882871,0.942059,-0.002400,0.000791,-0.000960,-0.000096,-0.000096,-0.001138 
[27-02-17 02.23.40.772],63424D887EF1A2A3F316,634245887EF1A2A3F316,C6F0D7BDBEC8F12B773F,512,512,3,1.913233,0.281346,0.085985,0.011339,0.000016,0.037876,0.002580,0.419300,0.277466,0.084277,0.012120,0.000016,0.034576,0.002913,0.411462,0.269371,0.077099,0.008600,0.000013,0.031431,0.002844,0.389427,0.265193,0.081446,0.008585,0.000012,0.033003,0.002532,0.390840,0.258712,0.081882,0.008251,0.000011,0.033063,0.002624,0.384611,3.962606,155.435745,168.225960,142.209373,127.344547,127.322895,127.544296,155.435745,168.225960,142.209373,7.485787,7.999777,7.485787,7.415627,7.229479,7.435384,7.999309,7.999255,7.999332,7.415627,7.229479,7.435384,0.996104,0.557495,0.334962,0.220337,0.996010,0.245460,0.335228,0.199858,0.996300,0.954563,0.335130,0.284922,0.996002,0.226185,0.334530,0.819316,0.958472,0.958210,0.924884,0.006006,-0.017107,0.006233,0.958472,0.958210,0.924884,0.957975,0.943805,0.973637,0.957729,0.946252,0.970649,0.922246,0.899652,0.952755,0.022592,-0.013016,0.008441,-0.026521,-0.007316,-0.017483,0.014118,-0.016232,0.020813,0.957975,0.943805,0.973637,0.957729,0.946252,0.970649,0.922246,0.899652,0.952755,0.001949,0.001604,-0.001480,0.000635,0.000635,-0.000912 
[27-02-17 02.27.00.199],096CAFE22D37D9F8DE4D,096CAFE22D37D9F9DE4D,2E7B14A490AE049CE7B1,512,512,3,1.872484,0.276606,0.085824,0.013360,0.000025,0.037306,0.002735,0.415937,0.281354,0.085641,0.011588,0.000019,0.037606,0.002760,0.419058,0.268477,0.076695,0.008393,0.000012,0.033335,0.002958,0.389940,0.264919,0.078634,0.007699,0.000014,0.032869,0.002481,0.386682,0.257260,0.080619,0.010615,0.000013,0.033851,0.002553,0.384976,3.920030,155.435745,168.225960,142.209373,127.449722,127.738895,127.209064,155.435745,168.225960,142.209373,7.485787,7.999754,7.485787,7.415627,7.229479,7.435384,7.999327,7.999291,7.999289,7.415627,7.229479,7.435384,0.996090,0.478375,0.334619,0.950468,0.996025,0.286513,0.334132,0.276436,0.996117,0.574510,0.334852,0.638662,0.996128,0.610952,0.334872,0.609214,0.952615,0.953728,0.912077,-0.004868,0.001985,0.010799,0.952615,0.953728,0.912077,0.947267,0.939360,0.971217,0.953922,0.939990,0.967272,0.918941,0.876859,0.940433,0.013198,-0.025601,-0.002201,0.002523,0.001635,0.001797,0.027366,0.010075,-0.005045,0.947267,0.939360,0.971217,0.953922,0.939990,0.967272,0.918941,0.876859,0.940433,-0.004533,0.002333,-0.001948,-0.002952,-0.002952,-0.000840 
[27-02-17 02.30.19.413],4A09FB36785ECF9802B5,4A09FA36785ECF9802B5,97F45FF6D59665C0C4B2,512,512,3,1.867322,0.289678,0.084040,0.012165,0.000017,0.037869,0.002784,0.426630,0.289078,0.083086,0.010106,0.000018,0.037439,0.002902,0.422704,0.289613,0.075143,0.008038,0.000012,0.035104,0.002223,0.410197,0.254663,0.085420,0.010159,0.000013,0.032113,0.002461,0.384895,0.255508,0.082380,0.009513,0.000012,0.033165,0.002287,0.382931,3.948519,155.435745,168.225960,142.209373,127.522636,127.430557,127.635635,155.435745,168.225960,142.209373,7.485787,7.999768,7.485787,7.415627,7.229479,7.435384,7.999348,7.999155,7.999266,7.415627,7.229479,7.435384,0.996023,0.155687,0.334758,0.646211,0.995995,0.207796,0.335154,0.262004,0.996010,0.245460,0.334518,0.799049,0.996063,0.401104,0.334602,0.942586,0.953309,0.956752,0.919314,0.008053,-0.010281,-0.015564,0.953309,0.956752,0.919314,0.954113,0.935299,0.970516,0.964426,0.940222,0.965608,0.921662,0.890994,0.945287,0.019740,-0.006813,0.011231,-0.023028,-0.000563,-0.007252,-0.033091,-0.021951,0.008350,0.954113,0.935299,0.970516,0.964426,0.940222,0.965608,0.921662,0.890994,0.945287,0.000940,0.000882,0.000154,0.002981,0.002981,0.002175 
[27-02-17 02.33.38.820],67F64A6C81A6E328512F,67F60A6C81A6E328512F,4AC418158E2B13DF63D4,512,512,3,1.887380,0.284301,0.083112,0.012758,0.000017,0.035637,0.002916,0.418828,0.279625,0.091568,0.011413,0.000012,0.039162,0.002674,0.424525,0.263695,0.078791,0.008869,0.000012,0.035526,0.002733,0.389699,0.256269,0.079329,0.007718,0.000010,0.033666,0.002553,0.379608,0.257067,0.083637,0.008437,0.000011,0.033352,0.002840,0.385416,3.934304,155.435745,168.225960,142.209373,127.710373,127.213642,127.529316,155.435745,168.225960,142.209373,7.485787,7.999774,7.485787,7.415627,7.229479,7.435384,7.999334,7.999232,7.999188,7.415627,7.229479,7.435384,0.996100,0.536010,0.334618,0.947968,0.996094,0.500000,0.334103,0.248911,0.996124,0.598896,0.334764,0.780431,0.996082,0.462581,0.334987,0.446531,0.951379,0.957942,0.927815,-0.015142,0.006398,0.006429,0.951379,0.957942,0.927815,0.952737,0.932399,0.969001,0.958405,0.944621,0.970800,0.930151,0.902609,0.950684,-0.027264,0.022288,-0.040451,0.006012,-0.010158,0.023340,0.021498,-0.000834,-0.001379,0.952737,0.932399,0.969001,0.958405,0.944621,0.970800,0.930151,0.902609,0.950684,0.002523,-0.001028,-0.000824,0.003553,0.003553,-0.001815 
[27-02-17 02.36.58.392],74FDFE163CDB92B1DAE5,74FFFE163CDB92B1DAE5,61871B48E04DA9492E7D,512,512,3,1.914045,0.287902,0.086300,0.011096,0.000013,0.036918,0.002970,0.425277,0.285167,0.084293,0.012452,0.000016,0.036305,0.002908,0.421216,0.277996,0.076486,0.008390,0.000010,0.033432,0.002492,0.398874,0.244695,0.079497,0.010418,0.000013,0.033955,0.002742,0.371392,0.247345,0.079708,0.009249,0.000017,0.033518,0.002603,0.372519,3.956038,155.435745,168.225960,142.209373,127.609581,127.555386,127.730907,155.435745,168.225960,142.209373,7.485787,7.999771,7.485787,7.415627,7.229479,7.435384,7.999334,7.999256,7.999335,7.415627,7.229479,7.435384,0.996112,0.599899,0.334396,0.369238,0.996189,0.783122,0.334758,0.791058,0.996040,0.330564,0.334506,0.779263,0.996105,0.537419,0.333924,0.123592,0.951384,0.956064,0.912349,-0.007171,0.010203,-0.005628,0.951384,0.956064,0.912349,0.946556,0.936270,0.971327,0.960385,0.939949,0.967858,0.913485,0.882141,0.941422,-0.013626,-0.018925,0.011037,0.020528,0.007808,0.002273,-0.020589,-0.007089,0.010795,0.946556,0.936270,0.971327,0.960385,0.939949,0.967858,0.913485,0.882141,0.941422,-0.000005,0.000948,0.000301,0.001443,0.001443,0.002221 
[27-02-17 02.40.19.376],F2FAB682F39CAF6690CB,F2FAB68AF39CAF6690CB,4243019F68EA14AEEA48,512,512,3,1.923671,0.270852,0.095783,0.013675,0.000017,0.035870,0.002916,0.419191,0.284595,0.088807,0.010510,0.000013,0.036112,0.002591,0.422702,0.267325,0.081212,0.012031,0.000014,0.034670,0.002233,0.397559,0.265109,0.081359,0.009059,0.000012,0.032410,0.002291,0.390308,0.253629,0.080006,0.008559,0.000012,0.032729,0.002478,0.377486,3.981876,155.435745,168.225960,142.209373,127.448383,127.353115,127.712620,155.435745,168.225960,142.209373,7.485787,7.999773,7.485787,7.415627,7.229479,7.435384,7.999330,7.999233,7.999292,7.415627,7.229479,7.435384,0.996061,0.319172,0.334631,0.987013,0.995934,0.094243,0.334474,0.726970,0.995960,0.136563,0.334382,0.584181,0.996288,0.944853,0.335037,0.385256,0.958393,0.956767,0.912582,0.001423,-0.004423,0.005092,0.958393,0.956767,0.912582,0.959384,0.942055,0.973741,0.960459,0.941393,0.968449,0.920922,0.878277,0.938547,-0.007481,0.003557,0.008195,-0.010628,-0.013132,0.010492,0.009960,0.004301,0.001015,0.959384,0.942055,0.973741,0.960459,0.941393,0.968449,0.920922,0.878277,0.938547,0.002232,0.002130,-0.000214,0.000837,0.000837,-0.000379 
[27-02-17 02.43.38.640],2730A4DABAD0E08A3125,2730A4DBBAD0E08A3125,135A0566A38E69D85C77,512,512,3,1.897438,0.275961,0.086805,0.011013,0.000041,0.036831,0.002833,0.413590,0.281705,0.088248,0.013296,0.000017,0.035066,0.002908,0.421315,0.272261,0.080160,0.008127,0.000013,0.033184,0.002408,0.396221,0.253575,0.079817,0.009180,0.000013,0.032717,0.002320,0.377685,0.261423,0.079845,0.008290,0.000018,0.033060,0.002503,0.385216,3.944604,155.435745,168.225960,142.209373,127.305561,127.523315,127.265446,155.435745,168.225960,142.209373,7.485787,7.999780,7.485787,7.415627,7.229479,7.435384,7.999362,7.999311,7.999216,7.415627,7.229479,7.435384,0.996039,0.218481,0.334874,0.370874,0.995995,0.207796,0.335246,0.186418,0.996033,0.308193,0.334748,0.806960,0.996090,0.487511,0.334628,0.987475,0.958264,0.953836,0.915413,0.002435,0.001777,-0.003021,0.958264,0.953836,0.915413,0.956218,0.944468,0.974105,0.955263,0.940604,0.965639,0.922416,0.879437,0.944386,0.004955,0.004323,-0.001972,-0.000299,-0.001929,0.007560,-0.021019,-0.009319,0.021275,0.956218,0.944468,0.974105,0.955263,0.940604,0.965639,0.922416,0.879437,0.944386,0.001918,0.003579,-0.002505,0.002022,0.002022,-0.001106 
[27-02-17 02.46.59.115],C1C704352E6D6486ADD8,C5C704352E6D6486ADD8,484E9E622B685AB323B7,512,512,3,1.898789,0.278504,0.084731,0.010415,0.000016,0.038432,0.002899,0.415077,0.274720,0.087501,0.010585,0.000019,0.037820,0.002648,0.413376,0.278291,0.074484,0.011795,0.000012,0.035179,0.002630,0.402461,0.261847,0.080915,0.010503,0.000012,0.033769,0.002283,0.389393,0.245738,0.078820,0.011796,0.000015,0.033275,0.002359,0.372074,3.942475,155.435745,168.225960,142.209373,127.563778,127.283054,127.570446,155.435745,168.225960,142.209373,7.485787,7.999777,7.485787,7.415627,7.229479,7.435384,7.999397,7.999167,7.999288,7.415627,7.229479,7.435384,0.996152,0.797173,0.334817,0.495169,0.995975,0.165862,0.335079,0.337535,0.996216,0.841818,0.335359,0.117495,0.996265,0.920583,0.334015,0.179282,0.958756,0.949750,0.919966,0.007972,-0.010873,0.006470,0.958756,0.949750,0.919966,0.953841,0.947020,0.975407,0.958452,0.930397,0.960402,0.923295,0.890931,0.945672,0.005134,0.010510,0.008272,-0.038212,-0.009720,0.015314,0.016963,-0.000505,0.002953,0.953841,0.947020,0.975407,0.958452,0.930397,0.960402,0.923295,0.890931,0.945672,0.000634,-0.002299,0.000540,0.001404,0.001404,0.003171 
[27-02-17 02.50.18.221],544FC51E5DF73FAD439D,544FC51E5DF73BAD439D,E57A1F9208E70B510E84,512,512,3,1.880361,0.288128,0.091559,0.010505,0.000030,0.037288,0.002999,0.430583,0.283268,0.085620,0.011911,0.000019,0.036257,0.002754,0.419912,0.257699,0.080949,0.012299,0.000016,0.032125,0.002929,0.386090,0.256803,0.087551,0.010284,0.000017,0.035491,0.003865,0.394095,0.250784,0.078807,0.010007,0.000013,0.031523,0.002856,0.374069,3.939503,155.435745,168.225960,142.209373,127.389256,127.431873,127.479645,155.435745,168.225960,142.209373,7.485787,7.999749,7.485787,7.415627,7.229479,7.435384,7.999255,7.999245,7.999405,7.415627,7.229479,7.435384,0.996082,0.435378,0.334460,0.510272,0.996174,0.744582,0.334137,0.280917,0.996067,0.413256,0.334653,0.970126,0.996006,0.235714,0.334589,0.920664,0.958318,0.959938,0.920959,-0.006042,-0.002200,-0.002272,0.958318,0.959938,0.920959,0.959085,0.943526,0.972343,0.964056,0.945638,0.970120,0.925917,0.890317,0.946643,-0.021799,-0.021910,0.025583,-0.019057,0.016202,-0.003745,-0.003015,-0.007603,0.003803,0.959085,0.943526,0.972343,0.964056,0.945638,0.970120,0.925917,0.890317,0.946643,-0.002571,-0.002043,-0.001024,-0.002830,-0.002830,-0.003176 
[27-02-17 02.53.38.696],462665D3EDC82349911D,462665D3EDE82349911D,9C71C86FE42E36B95753,512,512,3,1.900764,0.274936,0.086016,0.013567,0.000017,0.037307,0.002994,0.414919,0.281531,0.087433,0.013307,0.000015,0.038355,0.002931,0.423647,0.280401,0.079405,0.011090,0.000017,0.034512,0.002702,0.408205,0.258939,0.081475,0.009154,0.000017,0.033964,0.002524,0.386144,0.260669,0.078948,0.008535,0.000013,0.033497,0.002750,0.384480,3.971441,155.435745,168.225960,142.209373,127.655338,127.720287,127.679573,155.435745,168.225960,142.209373,7.485787,7.999756,7.485787,7.415627,7.229479,7.435384,7.999294,7.999287,7.999326,7.415627,7.229479,7.435384,0.996043,0.234809,0.334669,0.898967,0.996067,0.413256,0.335273,0.168026,0.996037,0.319296,0.334091,0.238595,0.996025,0.286513,0.334645,0.984169,0.958867,0.959890,0.918463,-0.000328,0.005007,0.003183,0.958867,0.959890,0.918463,0.955262,0.947323,0.974017,0.962394,0.947347,0.969928,0.924628,0.886296,0.944466,-0.001938,0.003503,-0.002548,-0.003598,0.014725,0.003894,0.001401,0.008949,-0.000802,0.955262,0.947323,0.974017,0.962394,0.947347,0.969928,0.924628,0.886296,0.944466,0.000335,0.000269,0.001439,0.001953,0.001953,0.003232 
[27-02-17 02.57.00.484],35A53A5D4A438148380D,35A53A5D4A43814A380D,03931B8477EB3D39C57A,512,512,3,1.901858,0.279270,0.083503,0.012812,0.000013,0.037921,0.002973,0.416564,0.285112,0.082536,0.013312,0.000016,0.037347,0.002600,0.421000,0.269447,0.077489,0.007960,0.000012,0.034457,0.002621,0.392059,0.260960,0.081757,0.008665,0.000012,0.032640,0.002266,0.386363,0.255293,0.083535,0.009847,0.000016,0.032256,0.002450,0.383474,3.952994,155.435745,168.225960,142.209373,127.481995,127.682014,127.568459,155.435745,168.225960,142.209373,7.485787,7.999782,7.485787,7.415627,7.229479,7.435384,7.999439,7.999251,7.999258,7.415627,7.229479,7.435384,0.996114,0.613801,0.334830,0.465077,0.996132,0.622902,0.334679,0.924853,0.996037,0.319296,0.334788,0.741402,0.996174,0.744582,0.335024,0.400367,0.956460,0.961627,0.910540,0.011651,0.001366,-0.002222,0.956460,0.961627,0.910540,0.954437,0.941307,0.973636,0.961289,0.949903,0.973690,0.913353,0.878541,0.939727,0.004685,0.007447,0.022822,-0.005931,0.010975,-0.000947,0.023678,-0.022785,-0.007558,0.954437,0.941307,0.973636,0.961289,0.949903,0.973690,0.913353,0.878541,0.939727,-0.000081,-0.000900,-0.000994,0.000939,0.000939,-0.001022 
[27-02-17 03.00.21.746],B639065D4AE3D76241E8,B639025D4AE3D76241E8,8FEA3FB47F5F2246A189,512,512,3,1.896557,0.273618,0.086128,0.009565,0.000015,0.036112,0.002602,0.408113,0.280487,0.088656,0.011116,0.000019,0.036618,0.003074,0.420050,0.289426,0.081965,0.009799,0.000014,0.036936,0.002902,0.421132,0.260398,0.080787,0.007808,0.000017,0.033242,0.002778,0.385098,0.262677,0.081835,0.011379,0.000013,0.032683,0.002863,0.391522,3.972399,155.435745,168.225960,142.209373,127.443157,127.625500,127.424347,155.435745,168.225960,142.209373,7.485787,7.999775,7.485787,7.415627,7.229479,7.435384,7.999307,7.999263,7.999212,7.415627,7.229479,7.435384,0.995900,0.003000,0.334482,0.564817,0.995754,0.002662,0.335091,0.323842,0.995926,0.084149,0.334273,0.433250,0.996021,0.275951,0.334081,0.230102,0.949582,0.958144,0.906097,-0.013586,-0.000264,0.010452,0.949582,0.958144,0.906097,0.949912,0.930326,0.968508,0.959456,0.944825,0.970152,0.920481,0.866020,0.931788,-0.036977,0.006770,-0.010550,-0.002219,0.014425,-0.012999,0.022077,-0.013848,0.023128,0.949912,0.930326,0.968508,0.959456,0.944825,0.970152,0.920481,0.866020,0.931788,0.000481,0.001236,0.000675,0.000863,0.000863,-0.002813 
[27-02-17 03.03.43.625],F8ED2A7206FB01C67A94,F8ED2A7206FB01C67A90,379F5ACED994C6397156,512,512,3,1.878076,0.272675,0.087974,0.012781,0.000018,0.039613,0.002837,0.415988,0.279024,0.085030,0.010241,0.000013,0.035315,0.002899,0.412594,0.278976,0.080057,0.008137,0.000018,0.032778,0.002698,0.402742,0.257965,0.080766,0.007796,0.000013,0.033072,0.002604,0.382280,0.249146,0.081448,0.011862,0.000014,0.033688,0.002872,0.379097,3.924711,155.435745,168.225960,142.209373,127.557213,127.519825,127.572144,155.435745,168.225960,142.209373,7.485787,7.999826,7.485787,7.415627,7.229479,7.435384,7.999318,7.999376,7.999331,7.415627,7.229479,7.435384,0.996072,0.379301,0.335226,0.026871,0.996143,0.658013,0.335429,0.086034,0.996105,0.537419,0.335079,0.336785,0.995968,0.150739,0.335170,0.247492,0.957808,0.954986,0.921727,0.003501,-0.008613,0.011764,0.957808,0.954986,0.921727,0.955082,0.943162,0.975180,0.955156,0.941418,0.968385,0.918367,0.900037,0.946778,0.008980,-0.012310,0.013834,0.013037,-0.019837,-0.019038,0.017129,0.008965,0.009197,0.955082,0.943162,0.975180,0.955156,0.941418,0.968385,0.918367,0.900037,0.946778,-0.000770,-0.000712,-0.000241,-0.001735,-0.001735,0.000180 
[27-02-17 03.07.05.207],30D2A738984EA6DBB5EC,34D2A738984EA6DBB5EC,84B124B30F5FCC196B51,512,512,3,1.893477,0.278642,0.086410,0.013035,0.000014,0.035188,0.003047,0.416418,0.285648,0.087781,0.010223,0.000016,0.036706,0.002626,0.423088,0.266081,0.079686,0.009529,0.000013,0.032118,0.002609,0.390117,0.275131,0.080911,0.008767,0.000013,0.032236,0.002714,0.399840,0.251559,0.089155,0.007848,0.000012,0.032429,0.002600,0.383667,3.960615,155.435745,168.225960,142.209373,127.340454,127.487648,127.605904,155.435745,168.225960,142.209373,7.485787,7.999777,7.485787,7.415627,7.229479,7.435384,7.999247,7.999263,7.999305,7.415627,7.229479,7.435384,0.996042,0.229292,0.334518,0.660310,0.996140,0.646443,0.335208,0.215356,0.996120,0.586744,0.334498,0.766234,0.995865,0.030145,0.333848,0.088591,0.957171,0.954701,0.913201,-0.010136,0.003973,0.002288,0.957171,0.954701,0.913201,0.955361,0.942148,0.974003,0.955250,0.941425,0.967430,0.921443,0.880958,0.937204,0.011339,-0.010602,-0.031144,-0.013052,0.011272,0.013699,0.014951,0.009541,-0.017629,0.955361,0.942148,0.974003,0.955250,0.941425,0.967430,0.921443,0.880958,0.937204,-0.001801,0.000337,-0.000514,-0.001860,-0.001860,-0.000780 
[27-02-17 03.10.27.629],F26C351F334AF25F4DD0,F26C751F334AF25F4DD0,A048F79D974E023DDB93,512,512,3,1.866845,0.279747,0.082422,0.012087,0.000013,0.033741,0.003174,0.411264,0.276723,0.086238,0.010459,0.000013,0.033143,0.002575,0.409231,0.286302,0.080208,0.008520,0.000013,0.032982,0.002336,0.410430,0.257684,0.083918,0.008316,0.000011,0.035062,0.002736,0.387806,0.253128,0.083147,0.008535,0.000013,0.031322,0.002732,0.378950,3.924855,155.435745,168.225960,142.209373,127.380913,127.531086,127.396301,155.435745,168.225960,142.209373,7.485787,7.999774,7.485787,7.415627,7.229479,7.435384,7.999343,7.999260,7.999336,7.415627,7.229479,7.435384,0.996068,0.358844,0.334940,0.253367,0.996048,0.353557,0.335076,0.340790,0.995934,0.094243,0.334908,0.555355,0.996223,0.856467,0.334837,0.662834,0.958318,0.957298,0.919633,0.010695,0.004951,0.007698,0.958318,0.957298,0.919633,0.956874,0.943080,0.974999,0.959500,0.943285,0.969108,0.921179,0.893681,0.944039,-0.001842,0.016585,0.017341,0.017651,0.005897,-0.008695,0.018791,-0.004767,0.009071,0.956874,0.943080,0.974999,0.959500,0.943285,0.969108,0.921179,0.893681,0.944039,-0.002047,0.001590,-0.001586,-0.003075,-0.003075,0.001654 
[27-02-17 03.13.49.093],244638559130827B42CE,244638559130827B62CE,C38C625426DEBFB0D000,512,512,3,1.934009,0.275775,0.091245,0.013505,0.000017,0.037824,0.002926,0.421373,0.289456,0.089015,0.010344,0.000016,0.036213,0.002959,0.428076,0.275087,0.078554,0.008580,0.000013,0.038095,0.003502,0.403905,0.260590,0.082380,0.009737,0.000015,0.031909,0.002816,0.387521,0.262420,0.081789,0.008649,0.000015,0.033630,0.002337,0.388912,4.019631,155.435745,168.225960,142.209373,127.527355,127.390705,127.696819,155.435745,168.225960,142.209373,7.485787,7.999775,7.485787,7.415627,7.229479,7.435384,7.999263,7.999434,7.999216,7.415627,7.229479,7.435384,0.996049,0.263460,0.334905,0.312499,0.996021,0.275951,0.335383,0.105689,0.996094,0.500000,0.334976,0.460670,0.996033,0.308193,0.334355,0.544340,0.948473,0.957193,0.921433,-0.000710,-0.015753,-0.013001,0.948473,0.957193,0.921433,0.945506,0.932180,0.967731,0.955918,0.945151,0.970510,0.924147,0.894400,0.945752,-0.000952,-0.001934,0.000757,-0.029083,-0.028424,0.010249,0.020797,-0.050206,-0.009596,0.945506,0.932180,0.967731,0.955918,0.945151,0.970510,0.924147,0.894400,0.945752,-0.001711,-0.001808,0.001850,-0.000374,-0.000374,-0.001238 
[27-02-17 03.17.10.508],9C2D87FF7409FB686DFC,9C2D87FF7409FB684DFC,DAA083F2E5AB87AD2062,512,512,3,1.885375,0.278637,0.090245,0.009601,0.000014,0.038112,0.003112,0.419795,0.269701,0.084323,0.013234,0.000013,0.036810,0.002845,0.407003,0.300291,0.081993,0.010058,0.000013,0.034277,0.002614,0.429325,0.251257,0.079760,0.008227,0.000014,0.033021,0.002709,0.375056,0.264324,0.081788,0.008562,0.000012,0.031214,0.002553,0.388529,3.959650,155.435745,168.225960,142.209373,127.589531,127.717453,127.534832,155.435745,168.225960,142.209373,7.485787,7.999786,7.485787,7.415627,7.229479,7.435384,7.999277,7.999321,7.999337,7.415627,7.229479,7.435384,0.996267,0.993025,0.334585,0.850202,0.996368,0.987915,0.334752,0.800424,0.996258,0.910910,0.334538,0.832323,0.996174,0.744582,0.334465,0.712730,0.954654,0.953887,0.922933,0.000541,0.013233,0.005947,0.954654,0.953887,0.922933,0.948038,0.943086,0.972837,0.955007,0.940150,0.966505,0.923514,0.896037,0.949249,0.010376,-0.005465,-0.003289,0.018066,0.013314,0.008319,-0.026484,0.021181,0.023145,0.948038,0.943086,0.972837,0.955007,0.940150,0.966505,0.923514,0.896037,0.949249,-0.002369,0.000968,0.002756,0.001575,0.001575,0.001356 
[27-02-17 03.20.33.885],C8BD149B7AAC87D6157D,C8BD149B7AAC87D6157F,13F2A64E5C367EB828FA,512,512,3,1.881140,0.289532,0.086203,0.012551,0.000016,0.039601,0.002886,0.430867,0.286695,0.083716,0.012809,0.000020,0.037007,0.002935,0.423262,0.271452,0.078337,0.010265,0.000019,0.035235,0.002473,0.397847,0.260448,0.080826,0.008776,0.000013,0.034409,0.002459,0.386997,0.260829,0.082416,0.008446,0.000011,0.033394,0.002611,0.387775,3.958848,155.435745,168.225960,142.209373,127.424706,127.570049,127.359261,155.435745,168.225960,142.209373,7.485787,7.999771,7.485787,7.415627,7.229479,7.435384,7.999345,7.999257,7.999330,7.415627,7.229479,7.435384,0.995959,0.027669,0.334931,0.267978,0.995888,0.045437,0.335555,0.046714,0.996140,0.646443,0.334650,0.974720,0.995850,0.022539,0.334588,0.918813,0.959149,0.950384,0.912813,-0.009998,-0.002979,-0.015243,0.959149,0.950384,0.912813,0.956313,0.947306,0.973827,0.957423,0.931479,0.962250,0.915894,0.881940,0.940605,-0.006909,-0.009404,-0.013681,0.012092,-0.006494,-0.014534,-0.020602,-0.011702,-0.013424,0.956313,0.947306,0.973827,0.957423,0.931479,0.962250,0.915894,0.881940,0.940605,-0.000739,-0.000234,-0.001594,0.000142,0.000142,-0.002205 
[27-02-17 03.23.57.882],46DC8A3F81918E94BF21,465C8A3F81918E94BF21,D795514B7C494D408BAB,512,512,3,1.927787,0.278580,0.086692,0.010858,0.000016,0.036228,0.002719,0.415178,0.281505,0.086705,0.009625,0.000013,0.036167,0.003038,0.417127,0.274661,0.077128,0.008663,0.000012,0.032722,0.002784,0.396034,0.246344,0.084589,0.007751,0.000017,0.033571,0.002975,0.375315,0.256919,0.079221,0.009009,0.000013,0.034568,0.002278,0.382083,3.964270,155.435745,168.225960,142.209373,127.331867,127.527916,127.454674,155.435745,168.225960,142.209373,7.485787,7.999753,7.485787,7.415627,7.229479,7.435384,7.999270,7.999312,7.999264,7.415627,7.229479,7.435384,0.995963,0.031303,0.334583,0.843514,0.995972,0.158182,0.334321,0.496219,0.996029,0.297262,0.334887,0.586808,0.995888,0.045437,0.334541,0.837631,0.955040,0.952429,0.918918,-0.003527,0.002969,-0.000539,0.955040,0.952429,0.918918,0.954165,0.938432,0.972522,0.954255,0.937187,0.965844,0.923092,0.890553,0.943109,0.007066,-0.004352,-0.013296,-0.000068,0.014801,-0.005827,-0.010736,0.003898,0.005222,0.954165,0.938432,0.972522,0.954255,0.937187,0.965844,0.923092,0.890553,0.943109,-0.000277,0.000113,0.000985,-0.000735,-0.000735,0.002711 
[27-02-17 03.27.19.400],6889F9BCFEB32A1C77CF,6889F9BCFEB32A1C57CF,638F4B3E1590F2A03AD2,512,512,3,1.935301,0.282178,0.083923,0.010205,0.000014,0.036899,0.002875,0.416172,0.280713,0.082731,0.010378,0.000013,0.037302,0.003059,0.414267,0.266323,0.082479,0.008532,0.000013,0.033914,0.002695,0.394027,0.264302,0.083091,0.010104,0.000013,0.032888,0.002445,0.392910,0.250756,0.079790,0.010229,0.000017,0.035208,0.002521,0.378600,3.984141,155.435745,168.225960,142.209373,127.479210,127.531040,127.399406,155.435745,168.225960,142.209373,7.485787,7.999742,7.485787,7.415627,7.229479,7.435384,7.999317,7.999258,7.999293,7.415627,7.229479,7.435384,0.996134,0.718530,0.334509,0.634513,0.996315,0.965319,0.334297,0.463646,0.996052,0.365264,0.334621,0.975572,0.996037,0.319296,0.334608,0.952224,0.952092,0.957237,0.926205,0.009953,-0.001008,0.007927,0.952092,0.957237,0.926205,0.953659,0.931638,0.970980,0.959648,0.943140,0.968923,0.928335,0.901506,0.948773,-0.018380,0.024073,0.024167,-0.013214,-0.005801,0.015990,0.006852,-0.000363,0.017292,0.953659,0.931638,0.970980,0.959648,0.943140,0.968923,0.928335,0.901506,0.948773,0.001280,-0.004191,-0.001772,-0.001814,-0.001814,-0.000663 
[27-02-17 03.30.43.144],4559350C141549437527,4559350C141549433527,40D6D69A483783EA3517,512,512,3,1.907494,0.282997,0.086433,0.011879,0.000019,0.037417,0.002584,0.421404,0.281359,0.087960,0.012367,0.000017,0.037174,0.003115,0.422071,0.272609,0.077566,0.012075,0.000014,0.032941,0.002688,0.397960,0.251826,0.084554,0.011705,0.000014,0.031715,0.002707,0.382593,0.254346,0.078892,0.008958,0.000014,0.031585,0.002394,0.376249,3.960290,155.435745,168.225960,142.209373,127.425476,127.420158,127.478489,155.435745,168.225960,142.209373,7.485787,7.999761,7.485787,7.415627,7.229479,7.435384,7.999342,7.999298,7.999333,7.415627,7.229479,7.435384,0.996181,0.893865,0.334170,0.080941,0.995953,0.123327,0.334137,0.280470,0.996296,0.951492,0.334298,0.464713,0.996296,0.951492,0.334075,0.225324,0.953912,0.958819,0.917640,-0.001361,-0.006513,-0.015632,0.953912,0.958819,0.917640,0.951622,0.939009,0.971106,0.959260,0.946279,0.970917,0.922331,0.889456,0.941134,0.016462,-0.034296,0.013752,-0.013771,0.005526,-0.011292,-0.026911,-0.019240,-0.000746,0.951622,0.939009,0.971106,0.959260,0.946279,0.970917,0.922331,0.889456,0.941134,-0.000904,-0.000675,-0.000402,0.002918,0.002918,-0.000205 
[27-02-17 03.34.05.978],C545B16EA82619C84B0E,C545B96EA82619C84B0E,7931C5735C921557227D,512,512,3,1.914661,0.288622,0.083594,0.011638,0.000016,0.037682,0.002835,0.424463,0.275684,0.086981,0.010672,0.000014,0.039811,0.002949,0.416191,0.268127,0.077407,0.008594,0.000014,0.033581,0.002487,0.390281,0.251532,0.079597,0.008310,0.000017,0.033636,0.002618,0.375779,0.261289,0.082499,0.007759,0.000012,0.032640,0.002367,0.386619,3.955850,155.435745,168.225960,142.209373,127.494946,127.692726,127.691292,155.435745,168.225960,142.209373,7.485787,7.999750,7.485787,7.415627,7.229479,7.435384,7.999398,7.999200,7.999302,7.415627,7.229479,7.435384,0.996118,0.634379,0.334713,0.770315,0.996223,0.856467,0.334658,0.961869,0.996048,0.353557,0.334622,0.976992,0.996082,0.462581,0.334860,0.626453,0.955984,0.957899,0.918917,0.008744,0.004064,-0.009986,0.955984,0.957899,0.918917,0.953774,0.940767,0.973410,0.958150,0.945025,0.970522,0.923655,0.887844,0.945252,0.012232,0.017768,-0.003767,-0.010037,0.003328,0.018901,-0.011469,-0.020933,0.002445,0.953774,0.940767,0.973410,0.958150,0.945025,0.970522,0.923655,0.887844,0.945252,-0.000551,-0.000826,-0.000176,-0.001045,-0.001045,-0.000058 
[27-02-17 03.37.29.068],1B167650F8F0788A80BB,1B067650F8F0788A80BB,43E6005BB7C7BA99F510,512,512,3,1.923272,0.274637,0.086277,0.010932,0.000017,0.035941,0.002698,0.410585,0.286408,0.091105,0.014352,0.000016,0.042114,0.002677,0.436749,0.269257,0.078886,0.009059,0.000012,0.032688,0.002955,0.392930,0.258760,0.084991,0.009525,0.000015,0.033292,0.002616,0.389261,0.262435,0.083623,0.008230,0.000016,0.034309,0.002494,0.391180,3.996605,155.435745,168.225960,142.209373,127.369568,127.585114,127.582706,155.435745,168.225960,142.209373,7.485787,7.999798,7.485787,7.415627,7.229479,7.435384,7.999274,7.999341,7.999316,7.415627,7.229479,7.435384,0.996229,0.972331,0.334622,0.959817,0.996162,0.713487,0.334555,0.862542,0.996250,0.900387,0.335075,0.341069,0.996273,0.929439,0.334235,0.386390,0.955483,0.958043,0.923308,0.003868,0.009889,-0.000754,0.955483,0.958043,0.923308,0.954203,0.941569,0.970676,0.961952,0.943107,0.969070,0.919684,0.899792,0.950448,0.008562,-0.013122,0.016164,0.002445,-0.005323,0.032544,0.002227,0.005734,-0.010224,0.954203,0.941569,0.970676,0.961952,0.943107,0.969070,0.919684,0.899792,0.950448,-0.000198,0.000941,-0.000612,0.001356,0.001356,0.000014 
[27-02-17 03.40.52.400],ADB1FDF26233EACC0A47,ADB1FDF26233FACC0A47,3325A7A976DCE0A08267,512,512,3,1.873261,0.275228,0.086964,0.012658,0.000020,0.036570,0.003138,0.414663,0.271880,0.088589,0.012480,0.000014,0.035711,0.002691,0.411440,0.264069,0.078442,0.007935,0.000014,0.031306,0.002867,0.384701,0.266440,0.081384,0.008945,0.000012,0.032603,0.002695,0.392147,0.250534,0.080176,0.009223,0.000013,0.030732,0.002397,0.373141,3.900946,155.435745,168.225960,142.209373,127.470295,127.408737,127.357365,155.435745,168.225960,142.209373,7.485787,7.999770,7.485787,7.415627,7.229479,7.435384,7.999289,7.999338,7.999284,7.415627,7.229479,7.435384,0.996190,0.915263,0.334686,0.850304,0.996147,0.669436,0.334773,0.765665,0.996025,0.286513,0.334714,0.865774,0.996399,0.993876,0.334571,0.888511,0.955891,0.956757,0.914788,-0.000506,0.006490,-0.005166,0.955891,0.956757,0.914788,0.953853,0.940954,0.972867,0.960693,0.942803,0.966774,0.919847,0.885207,0.939309,-0.002231,0.024513,-0.023800,0.006326,0.015979,-0.002835,-0.004229,-0.023824,0.012555,0.953853,0.940954,0.972867,0.960693,0.942803,0.966774,0.919847,0.885207,0.939309,-0.000899,0.001737,0.001679,-0.001291,-0.001291,0.001988 
[27-02-17 03.44.16.394],F4FA1DEA275569D28E2B,F4FA1FEA275569D28E2B,6D88C6C91C7FCC6EC0CA,512,512,3,1.870088,0.281281,0.086418,0.010737,0.000014,0.038344,0.003001,0.419875,0.284381,0.082600,0.011599,0.000017,0.037044,0.002691,0.418404,0.281609,0.080247,0.010396,0.000013,0.033015,0.002680,0.408035,0.253696,0.079172,0.008231,0.000011,0.033488,0.002253,0.376910,0.251736,0.080760,0.008851,0.000012,0.033235,0.002899,0.377561,3.920296,155.435745,168.225960,142.209373,127.173462,127.460430,127.484966,155.435745,168.225960,142.209373,7.485787,7.999792,7.485787,7.415627,7.229479,7.435384,7.999305,7.999435,7.999328,7.415627,7.229479,7.435384,0.996208,0.948129,0.334866,0.388460,0.996067,0.413256,0.334996,0.434886,0.996109,0.549835,0.334558,0.866233,0.996449,0.998204,0.335043,0.378139,0.954822,0.960395,0.920751,0.000275,0.012830,0.000559,0.954822,0.960395,0.920751,0.955081,0.937794,0.971592,0.959142,0.948874,0.973169,0.920107,0.895352,0.946794,-0.004660,-0.004475,0.009960,0.026329,0.007571,0.004589,-0.020345,0.016970,0.005054,0.955081,0.937794,0.971592,0.959142,0.948874,0.973169,0.920107,0.895352,0.946794,-0.000224,0.000009,0.001316,0.003750,0.003750,0.001948 
[27-02-17 03.47.40.995],4E52642FC1E991326229,4E50642FC1E991326229,BBF2B62D66BA232D8DE7,512,512,3,1.925740,0.272092,0.089167,0.011347,0.000013,0.035576,0.002678,0.410948,0.284590,0.087092,0.012974,0.000018,0.035799,0.002299,0.422841,0.286006,0.080568,0.009725,0.000012,0.033059,0.002449,0.411888,0.263607,0.084152,0.007681,0.000012,0.033318,0.002692,0.391532,0.255097,0.080959,0.007630,0.000012,0.032217,0.002777,0.378755,3.992117,155.435745,168.225960,142.209373,127.273888,127.715351,127.363674,155.435745,168.225960,142.209373,7.485787,7.999763,7.485787,7.415627,7.229479,7.435384,7.999362,7.999321,7.999335,7.415627,7.229479,7.435384,0.995925,0.008101,0.334917,0.291027,0.995884,0.042524,0.335348,0.122892,0.996025,0.286513,0.334515,0.795176,0.995865,0.030145,0.334888,0.585294,0.953608,0.958274,0.917442,0.018266,0.009397,-0.000071,0.953608,0.958274,0.917442,0.953430,0.938346,0.969046,0.958477,0.945815,0.970530,0.916448,0.889836,0.946044,0.033556,0.001887,0.019355,-0.001534,0.011442,0.018282,-0.011097,-0.000480,0.011364,0.953430,0.938346,0.969046,0.958477,0.945815,0.970530,0.916448,0.889836,0.946044,-0.001202,-0.000280,0.005166,-0.001369,-0.001369,0.002248 
[27-02-17 03.51.05.903],D36747EA3F314377F6F8,D36747EA3F31C377F6F8,92313F19F4DE7EA35EC4,512,512,3,1.882670,0.275341,0.084092,0.012374,0.000018,0.035903,0.002695,0.410498,0.280992,0.087440,0.010379,0.000017,0.036380,0.002991,0.418275,0.277979,0.079033,0.010053,0.000014,0.035958,0.002701,0.405811,0.257257,0.081483,0.010162,0.000013,0.032445,0.002667,0.384092,0.252799,0.077557,0.008014,0.000010,0.033008,0.003051,0.374503,3.930312,155.435745,168.225960,142.209373,127.490353,127.367489,127.401054,155.435745,168.225960,142.209373,7.485787,7.999737,7.485787,7.415627,7.229479,7.435384,7.999317,7.999214,7.999155,7.415627,7.229479,7.435384,0.996087,0.463990,0.334575,0.820567,0.996082,0.462581,0.334331,0.510359,0.996235,0.876673,0.334329,0.507037,0.995945,0.111017,0.335065,0.352951,0.957701,0.957497,0.917390,-0.008926,-0.006536,-0.017321,0.957701,0.957497,0.917390,0.954209,0.942743,0.976151,0.961273,0.941629,0.969588,0.921675,0.886856,0.943639,0.001796,-0.038074,0.009499,-0.017339,-0.011677,0.009407,-0.031192,-0.020783,0.000011,0.954209,0.942743,0.976151,0.961273,0.941629,0.969588,0.921675,0.886856,0.943639,0.001591,-0.004079,0.001054,-0.000626,-0.000626,0.000722 
[27-02-17 03.54.32.816],586EB8BE74DE2AFFEB15,586EB8BC74DE2AFFEB15,07DA141D8D820E6CE98A,512,512,3,1.967110,0.281373,0.088115,0.013212,0.000026,0.036998,0.003030,0.422866,0.291166,0.088474,0.012258,0.000017,0.036974,0.002344,0.431307,0.277545,0.076373,0.009294,0.000017,0.033086,0.002497,0.398901,0.262978,0.084311,0.008979,0.000013,0.033147,0.002280,0.391769,0.273116,0.087093,0.009834,0.000012,0.034875,0.002427,0.407427,4.071808,155.435745,168.225960,142.209373,127.378681,127.511063,127.490555,155.435745,168.225960,142.209373,7.485787,7.999782,7.485787,7.415627,7.229479,7.435384,7.999426,7.999299,7.999263,7.415627,7.229479,7.435384,0.996113,0.606867,0.334507,0.629646,0.996078,0.450165,0.334205,0.352063,0.995987,0.190321,0.334541,0.837909,0.996273,0.929439,0.334774,0.764233,0.956031,0.958894,0.915534,-0.003441,0.000495,0.010254,0.956031,0.958894,0.915534,0.954309,0.941043,0.972739,0.960390,0.946438,0.969854,0.919551,0.885846,0.941207,0.023384,-0.031060,-0.002647,-0.000466,0.006956,-0.005005,0.022191,-0.000841,0.009410,0.954309,0.941043,0.972739,0.960390,0.946438,0.969854,0.919551,0.885846,0.941207,-0.000885,0.001302,0.000190,0.000265,0.000265,0.000990 
[27-02-17 03.58.04.032],D313D1DD1064DE21A1C4,D313C1DD1064DE21A1C4,1DF2FD11C6E2BF32CE04,512,512,3,1.961572,0.282612,0.084795,0.011957,0.000018,0.037713,0.002868,0.420056,0.280342,0.090132,0.011977,0.000016,0.039100,0.003017,0.424663,0.281244,0.089351,0.011569,0.000018,0.034721,0.003216,0.420195,0.258768,0.083398,0.009548,0.000017,0.034502,0.002667,0.388984,0.267649,0.086251,0.010124,0.000031,0.038022,0.003266,0.405418,4.077404,155.435745,168.225960,142.209373,127.523632,127.651688,127.563751,155.435745,168.225960,142.209373,7.485787,7.999753,7.485787,7.415627,7.229479,7.435384,7.999354,7.999272,7.999266,7.415627,7.229479,7.435384,0.996245,0.984271,0.334547,0.740587,0.996372,0.988865,0.334212,0.359533,0.996181,0.764286,0.334570,0.888153,0.996181,0.764286,0.334859,0.628772,0.955779,0.954036,0.915000,0.013327,-0.000226,0.010531,0.955779,0.954036,0.915000,0.955262,0.940150,0.971924,0.959523,0.937059,0.965526,0.922915,0.882459,0.939624,0.011233,0.030078,-0.001331,0.028176,-0.016695,-0.012158,0.005813,0.029726,-0.003946,0.955262,0.940150,0.971924,0.959523,0.937059,0.965526,0.922915,0.882459,0.939624,0.002920,-0.000346,-0.000252,-0.003675,-0.003675,-0.000338 
[27-02-17 04.01.34.306],EE3DE6E2A75105F31E11,EE3DE6E2A75105F31A11,C485E2139BD205C79FF4,512,512,3,1.888601,0.278759,0.086718,0.013335,0.000017,0.038883,0.002807,0.420601,0.286025,0.086478,0.013454,0.000017,0.037281,0.003101,0.426434,0.272854,0.077187,0.008816,0.000017,0.036181,0.002645,0.397772,0.254944,0.081746,0.008444,0.000012,0.033611,0.003044,0.381862,0.257783,0.076643,0.010226,0.000016,0.035471,0.003153,0.383373,3.948426,155.435745,168.225960,142.209373,127.602333,127.633560,127.426571,155.435745,168.225960,142.209373,7.485787,7.999719,7.485787,7.415627,7.229479,7.435384,7.999261,7.999294,7.999129,7.415627,7.229479,7.435384,0.996052,0.275401,0.334605,0.908515,0.996109,0.549835,0.334717,0.859210,0.996063,0.401104,0.334961,0.481685,0.995983,0.181932,0.334136,0.280138,0.952955,0.960400,0.917524,0.011411,0.002229,-0.002385,0.952955,0.960400,0.917524,0.950274,0.937541,0.971050,0.958950,0.948158,0.974092,0.921019,0.887478,0.944076,0.009631,0.002258,0.022346,-0.019589,0.018824,0.007453,0.010585,-0.016778,-0.000961,0.950274,0.937541,0.971050,0.958950,0.948158,0.974092,0.921019,0.887478,0.944076,0.001377,-0.002286,-0.000631,0.003352,0.003352,-0.001088 
[27-02-17 04.05.01.245],9E72640C5D8132CD7093,9E72640C5D8132CD3093,4C13CCBCDB2AA97CBE1C,512,512,3,1.903275,0.280586,0.088033,0.012628,0.000020,0.037170,0.003175,0.421693,0.281412,0.088724,0.009808,0.000017,0.036845,0.003098,0.419980,0.276391,0.078100,0.008461,0.000013,0.033628,0.002428,0.399086,0.245038,0.083295,0.007961,0.000012,0.033275,0.002937,0.372598,0.258235,0.082064,0.008905,0.000018,0.032610,0.003015,0.384916,3.950506,155.435745,168.225960,142.209373,127.747536,127.640015,127.421787,155.435745,168.225960,142.209373,7.485787,7.999766,7.485787,7.415627,7.229479,7.435384,7.999365,7.999261,7.999397,7.415627,7.229479,7.435384,0.996089,0.471178,0.334791,0.560202,0.995968,0.150739,0.334135,0.279390,0.996155,0.691807,0.335478,0.068324,0.996143,0.658013,0.334759,0.788840,0.954704,0.962925,0.913951,-0.006405,-0.001439,-0.021090,0.954704,0.962925,0.913951,0.951216,0.940224,0.972673,0.960483,0.952595,0.975697,0.913974,0.881245,0.946634,-0.018322,0.006740,-0.007632,0.005527,-0.002583,-0.007262,-0.000990,-0.026856,-0.035425,0.951216,0.940224,0.972673,0.960483,0.952595,0.975697,0.913974,0.881245,0.946634,-0.005961,0.000749,0.000631,-0.003264,-0.003264,-0.001620 
[27-02-17 04.08.26.227],10BA15D6A5AEDBBAF845,10BA15D6A5AEDBBAF844,E0BE03E575B3ABFBFE69,512,512,3,2.299824,0.280628,0.089439,0.012949,0.000019,0.037729,0.003144,0.424207,0.261870,0.082287,0.008325,0.000013,0.033013,0.002327,0.387897,0.249861,0.083978,0.008628,0.000017,0.034439,0.003019,0.380020,0.261433,0.082816,0.011661,0.000014,0.031461,0.002400,0.389853,0.264019,0.077340,0.010955,0.000016,0.032144,0.003148,0.387699,4.320389,155.435745,168.225960,142.209373,127.668911,127.625481,127.558521,155.435745,168.225960,142.209373,7.485787,7.999758,7.485787,7.415627,7.229479,7.435384,7.999275,7.999320,7.999214,7.415627,7.229479,7.435384,0.996024,0.160047,0.334486,0.574585,0.995968,0.150739,0.334594,0.928300,0.995857,0.026111,0.334854,0.636743,0.996246,0.894797,0.334009,0.175579,0.957305,0.954492,0.922615,0.010794,0.000341,0.002113,0.957305,0.954492,0.922615,0.953644,0.944373,0.973898,0.960225,0.937583,0.965668,0.922281,0.899294,0.946271,0.021607,0.002266,0.008510,-0.015031,0.011400,0.004653,0.025568,-0.006487,-0.012741,0.953644,0.944373,0.973898,0.960225,0.937583,0.965668,0.922281,0.899294,0.946271,0.002391,-0.000174,-0.001257,0.001789,0.001789,-0.000336 
[27-02-17 04.11.51.411],E6302D0742A08FB8D5AE,E6302D074AA08FB8D5AE,7EE38082E7CCD2DC35AB,512,512,3,1.931753,0.284709,0.085948,0.010596,0.000014,0.036623,0.003043,0.421014,0.283509,0.089043,0.012039,0.000012,0.034777,0.003397,0.422850,0.279025,0.081373,0.008490,0.000012,0.032413,0.003021,0.404406,0.259529,0.086740,0.011233,0.000016,0.035784,0.003150,0.396524,0.253889,0.081669,0.007746,0.000012,0.032409,0.002815,0.378604,4.007309,155.435745,168.225960,142.209373,127.718952,127.632256,127.451813,155.435745,168.225960,142.209373,7.485787,7.999793,7.485787,7.415627,7.229479,7.435384,7.999261,7.999391,7.999410,7.415627,7.229479,7.435384,0.995993,0.076628,0.334972,0.206821,0.995815,0.011135,0.335067,0.350691,0.996098,0.512489,0.334717,0.859668,0.996067,0.413256,0.335133,0.281741,0.952661,0.958217,0.923940,-0.001637,0.015448,-0.016732,0.952661,0.958217,0.923940,0.953694,0.932946,0.971345,0.964136,0.943323,0.967190,0.928465,0.896946,0.946410,0.014414,0.003315,-0.022641,-0.003297,0.030297,0.019344,-0.017485,-0.021792,-0.010919,0.953694,0.932946,0.971345,0.964136,0.943323,0.967190,0.928465,0.896946,0.946410,-0.000353,0.001170,-0.002416,-0.002412,-0.002412,0.002250 
